Name,Phone number,email
Rana C. Goodrum,612-839-1855,RanaCGoodrum@armyspy.com
John J. Young,815-609-3980,RanaCGoodrum@armyspy.com
Jean L. Ryan,270-897-5100,JeanLRyan@armyspy.com
Barbara E. Otero,218-469-0817,JeanLRyan@armyspy.com
Lora M. Donahue,909-680-7611,JeanLRyan@armyspy.com
Kathleen N. Kay,479-639-9349,JeanLRyan@armyspy.com
Christopher C. Burkhart,650-330-0031,JeanLRyan@armyspy.com
Laura M. Cecil,307-738-3256,JeanLRyan@armyspy.com
Pamela H. Higgins,937-310-6600,JeanLRyan@armyspy.com
Brian H. Lemon,559-238-1108,JeanLRyan@armyspy.com
Norma C. Lightsey,773-218-0019,JeanLRyan@armyspy.com
Dorothy S. Jackson,413-582-4416,JeanLRyan@armyspy.com
